CountyOrParish,closed_sales,total_sales_volume,median_close_price,average_close_price,median_price_per_sqft,average_days_on_market,average_close_to_original_list_ratio,median_listing_to_contract_days,median_contract_to_close_days
Santa Clara,17753,30891820423.0,1485000.0,1740090.1494395314,901.015228426396,24.780375147862333,1.0332173196886536,11.0,24.0
San Mateo,7873,14274166476.0,1460000.0,1813053.0262923918,934.1176470588235,31.673313857487617,2.595917932467807,13.0,21.0
Marin,144,188099764.0,1157500.0,1306248.361111111,657.592463246526,54.0625,0.9644326134807467,30.0,23.0
San Francisco,1068,1198704159.0,1082500.0,1122382.1713483145,807.9812646370024,41.72003745318352,1.0286198186519253,18.0,21.0
Santa Cruz,3217,3941320384.0,1075000.0,1225153.989431147,682.3821339950372,41.246813801678584,0.9679433708325401,20.0,25.0
Alameda,19321,23881598230.0,1070000.0,1236043.5914290152,677.7442094662639,27.77408001656229,1.5499084167205377,14.0,22.0
Monterey,3843,5135806353.0,881000.0,1336405.5042935207,575.2688172043011,47.59432734842571,0.9608363476651998,23.0,29.0
San Luis Obispo,6404,6001087548.39,825000.0,937084.2517785759,509.25925925925924,45.203778888194876,1.4224475291191374,31.0,30.0
San Diego,57932,72176203334.9,805000.0,1245877.9834098597,538.6447569383631,32.87071048815853,2.2063140046830605,23.0,24.0
Napa,126,113463431.0,785237.5,900503.4206349206,443.02097813724254,53.023809523809526,0.9684419921538616,37.5,23.0
San Benito,806,661027315.0,773000.0,820133.1451612903,405.13553113553115,46.33002481389578,0.9759719201992615,31.0,29.0
Contra Costa,19334,19806459325.0,765000.0,1024436.7086479777,491.13017150899907,30.247388021102722,1.2096033579427055,16.0,22.0
Ventura,17096,13321204879.02,741500.0,779200.0982112775,459.3055958856528,43.317150210575576,1.4606274098698209,34.0,18.0
Santa Barbara,2144,3027349177.06,695000.0,1412009.8773600745,412.30423045356815,42.644589552238806,1.0280270255646962,24.0,30.0
Sonoma,163,134655645.0,687000.0,826108.2515337423,452.05696202531647,50.07361963190184,0.9663619222216038,34.0,22.0
Orange,73916,67660620509.76,670000.0,915371.7802608367,523.8942312598064,34.21996590724606,49.29624871719226,26.0,20.0
Placer,194,133679582.0,630000.0,689070.0103092784,322.9934403098215,39.19072164948454,0.9655406093737396,23.0,22.0
Los Angeles,160140,132468954320.47,629000.0,827207.158239478,440.326833850717,40.414356188335205,70.80159697502175,28.0,23.0
Yolo,75,46645393.0,615000.0,621938.5733333334,321.95701874714223,40.92,0.983215763272295,25.0,26.0
San Joaquin,1746,1067588942.0,615000.0,611448.4203894617,305.84697572236047,42.97365406643757,0.9765649528015004,28.0,28.0
Mendocino,444,318737076.0,608000.0,717876.2972972973,405.3868666544723,99.18243243243244,0.9077964605265874,75.0,32.5
El Dorado,92,63652810.0,602500.0,691878.3695652174,326.8499724511853,81.77173913043478,0.9418734765216279,43.5,26.0
Inyo,8,3768500.0,569250.0,471062.5,327.27184378067466,66.0,0.90548581827065,57.0,26.0
Solano,1513,852115238.0,555000.0,563195.7951090549,332.9602686066032,40.29081295439524,0.9888312672610825,24.0,25.0
Riverside,67902,39257234332.81,539990.0,578145.4792614356,291.77554680073865,49.08677211275073,inf,38.0,27.0
Mono,23,13131285.0,535000.0,570925.4347826086,482.05677557579,67.82608695652173,0.9612132454363814,45.5,10.0
Calaveras,97,51231694.0,475000.0,528161.793814433,263.59600443951166,64.16494845360825,0.9224022004028433,47.0,29.0
Sacramento,875,430488824.0,472000.0,491987.22742857144,305.90717299578057,33.63428571428572,0.9887888582915724,20.0,24.0
San Bernardino,45825,21690662252.24,460000.0,473336.87402596837,287.9473467708762,46.177523186033824,inf,32.0,30.0
Stanislaus,634,291312828.0,459500.0,459483.95583596214,283.3234548772349,39.99369085173502,0.9911550680766229,24.0,28.0
Nevada,44,22205346.0,457750.0,504666.95454545453,286.4395955991329,54.22727272727273,0.9281639153673763,36.5,25.0
Madera,1171,538386720.0,420000.0,459766.6268146883,244.68085106382978,65.14175918018788,1.8388445554223207,47.0,31.0
Sutter,95,39082450.0,415000.0,411394.2105263158,251.07604017216642,40.77894736842105,18.611225393290233,37.0,27.0
Fresno,1300,614230019.4,411095.5,472484.6303076923,251.661918328585,43.223076923076924,2.579530126009304,29.0,30.0
Merced,2496,1069515582.72,410000.0,428491.82,256.2228244119167,45.73477564102564,2.264394338087048,30.0,29.0
Humboldt,14,5603745.0,410000.0,400267.5,243.45626975763963,108.42857142857143,0.8589167584906292,82.5,34.0
Yuba,144,59027027.0,400000.0,409909.90972222225,245.35996885589225,71.89583333333333,0.9452104430941327,51.0,30.0
Mariposa,357,165591684.0,400000.0,463842.2521008403,249.15887850467288,77.31372549019608,0.9284187809700708,48.0,33.0
Tuolumne,187,86910573.0,394750.0,464762.42245989305,255.422153369481,78.93048128342247,0.9469224180279984,34.0,31.0
Colusa,24,9467900.0,390000.0,394495.8333333333,229.56755489866885,53.75,0.9065297028504555,14.5,28.5
Tulare,361,157621018.0,385000.0,436623.3185595568,231.6844082654978,44.714681440443215,11.473098326935423,31.0,30.0
Amador,32,11788035.0,380000.0,368376.09375,216.427408513071,118.28125,0.8909177417176625,81.5,25.5
Butte,4239,1722397077.38,380000.0,406321.55635291344,258.88761467889907,55.44987025241802,1.443783060760524,33.0,30.0
Clark,1,375000.0,375000.0,375000.0,285.6054836252856,2.0,0.974025974025974,2.0,9.0
Plumas,38,19911201.0,371400.0,523978.9736842105,249.0245120300769,79.05263157894737,0.9067519579874294,64.0,33.0
Kings,224,85400077.0,355000.0,381250.34375,232.45073891625617,41.28125,1.018250542079486,27.5,30.0
Shasta,103,36872622.0,354000.0,357986.6213592233,226.18276085547635,83.05825242718447,0.9197478314121328,56.0,30.0
Trinity,34,12929870.0,350000.0,380290.29411764705,178.7663617590482,125.44117647058823,0.904466495482227,134.0,34.0
Glenn,349,123336272.0,350000.0,353399.06017191976,243.44569288389513,47.53868194842407,3.4798391799223953,28.0,31.0
Kern,3840,2265000599.19,350000.0,589843.9060390625,219.80498201411854,48.54739583333333,inf,34.0,31.0
Siskiyou,55,21946549.0,345000.0,399028.16363636364,196.33855133987794,117.32727272727273,0.9236113632508196,50.0,32.0
Tehama,401,135523250.0,320000.0,337963.21695760597,223.7808951235805,70.01745635910224,0.9374688871910658,50.0,32.0
Imperial,303,81504777.0,290000.0,268992.6633663366,204.55945779420824,55.21782178217822,0.940568256224619,47.0,25.0
Modoc,2,564000.0,282000.0,282000.0,104.85839820041198,46.5,0.9856733524355301,50.5,41.5
Lake,1955,572116448.6,280000.0,292642.6847058824,197.60479041916167,84.42404092071611,0.9212791002602214,59.0,30.0
Sierra,1,255000.0,255000.0,255000.0,222.9020979020979,1.0,0.9444444444444444,47.0,38.0
Foreign Country,4,835000.0,225000.0,208750.0,124.43469171923674,310.5,0.973154061423651,313.5,12.5
Lassen,16,4475500.0,205000.0,279718.75,175.78849721706865,102.5,0.8867978862523684,70.5,35.5
Del Norte,1,49000.0,49000.0,49000.0,54.6875,105.0,0.8305084745762712,104.0,10.0
Other County,8,375681790.0,41750.0,46960223.75,34.07777946845202,26.5,145.07615888796263,10.0,16.0
Other,40,12121581.0,8350.0,303039.525,4.416448598130842,93.2,16.523374923558627,61.0,4.0
Other State,42,6476071.0,2275.0,154192.16666666666,1.911172161172161,87.28571428571429,0.9207965007121001,50.0,1.5
